[{"type":"touchstart","timeStamp":1289752181463,"bubbles":true,"cancelable":true,"detail":0,"screenX":0,"screenY":0,"pageX":0,"pageY":0,"clientX":0,"clientY":0,"ctrlKey":false,"altKey":false,"shiftKey":false,"metaKey":false,"scale":1,"rotation":0,"touches":[{"pageX":47,"pageY":65,"clientX":47,"clientY":65,"screenX":47,"screenY":65,"identifier":235968640}],"targetTouches":[{"pageX":47,"pageY":65,"clientX":47,"clientY":65,"screenX":47,"screenY":65,"identifier":235968640}],"changedTouches":[{"pageX":47,"pageY":65,"clientX":47,"clientY":65,"screenX":47,"screenY":65,"identifier":235968640}]},{"type":"touchend","timeStamp":1289752182099,"bubbles":true,"cancelable":true,"detail":0,"screenX":0,"screenY":0,"pageX":0,"pageY":0,"clientX":0,"clientY":0,"ctrlKey":false,"altKey":false,"shiftKey":false,"metaKey":false,"scale":1,"rotation":0,"touches":[],"targetTouches":[],"changedTouches":[{"pageX":47,"pageY":65,"clientX":47,"clientY":65,"screenX":47,"screenY":65,"identifier":235968640}]},{"type":"touchstart","timeStamp":1289752183496,"bubbles":true,"cancelable":true,"detail":0,"screenX":0,"screenY":0,"pageX":0,"pageY":0,"clientX":0,"clientY":0,"ctrlKey":false,"altKey":false,"shiftKey":false,"metaKey":false,"scale":1,"rotation":0,"touches":[{"pageX":51,"pageY":16,"clientX":51,"clientY":16,"screenX":51,"screenY":16,"identifier":185520096}],"targetTouches":[{"pageX":51,"pageY":16,"clientX":51,"clientY":16,"screenX":51,"screenY":16,"identifier":185520096}],"changedTouches":[{"pageX":51,"pageY":16,"clientX":51,"clientY":16,"screenX":51,"screenY":16,"identifier":185520096}]},{"type":"touchend","timeStamp":1289752183636,"bubbles":true,"cancelable":true,"detail":0,"screenX":0,"screenY":0,"pageX":0,"pageY":0,"clientX":0,"clientY":0,"ctrlKey":false,"altKey":false,"shiftKey":false,"metaKey":false,"scale":1,"rotation":0,"touches":[],"targetTouches":[],"changedTouches":[{"pageX":51,"pageY":16,"clientX":51,"clientY":16,"screenX":51,"screenY":16,"identifier":185520096}]},{"type":"touchstart","timeStamp":1289752185223,"bubbles":true,"cancelable":true,"detail":0,"screenX":0,"screenY":0,"pageX":0,"pageY":0,"clientX":0,"clientY":0,"ctrlKey":false,"altKey":false,"shiftKey":false,"metaKey":false,"scale":1,"rotation":0,"touches":[{"pageX":159,"pageY":307,"clientX":159,"clientY":307,"screenX":159,"screenY":307,"identifier":185238768}],"targetTouches":[{"pageX":159,"pageY":307,"clientX":159,"clientY":307,"screenX":159,"screenY":307,"identifier":185238768}],"changedTouches":[{"pageX":159,"pageY":307,"clientX":159,"clientY":307,"screenX":159,"screenY":307,"identifier":185238768}]},{"type":"touchmove","timeStamp":1289752185315,"bubbles":true,"cancelable":true,"detail":0,"screenX":0,"screenY":0,"pageX":0,"pageY":0,"clientX":0,"clientY":0,"ctrlKey":false,"altKey":false,"shiftKey":false,"metaKey":false,"scale":1,"rotation":0,"touches":[{"pageX":165,"pageY":276,"clientX":165,"clientY":276,"screenX":165,"screenY":276,"identifier":185238768}],"targetTouches":[{"pageX":165,"pageY":276,"clientX":165,"clientY":276,"screenX":165,"screenY":276,"identifier":185238768}],"changedTouches":[{"pageX":165,"pageY":276,"clientX":165,"clientY":276,"screenX":165,"screenY":276,"identifier":185238768}]},{"type":"touchmove","timeStamp":1289752185332,"bubbles":true,"cancelable":true,"detail":0,"screenX":0,"screenY":0,"pageX":0,"pageY":0,"clientX":0,"clientY":0,"ctrlKey":false,"altKey":false,"shiftKey":false,"metaKey":false,"scale":1,"rotation":0,"touches":[{"pageX":165,"pageY":253,"clientX":165,"clientY":253,"screenX":165,"screenY":253,"identifier":185238768}],"targetTouches":[{"pageX":165,"pageY":253,"clientX":165,"clientY":253,"screenX":165,"screenY":253,"identifier":185238768}],"changedTouches":[{"pageX":165,"pageY":253,"clientX":165,"clientY":253,"screenX":165,"screenY":253,"identifier":185238768}]},{"type":"touchmove","timeStamp":1289752185345,"bubbles":true,"cancelable":true,"detail":0,"screenX":0,"screenY":0,"pageX":0,"pageY":0,"clientX":0,"clientY":0,"ctrlKey":false,"altKey":false,"shiftKey":false,"metaKey":false,"scale":1,"rotation":0,"touches":[{"pageX":166,"pageY":226,"clientX":166,"clientY":226,"screenX":166,"screenY":226,"identifier":185238768}],"targetTouches":[{"pageX":166,"pageY":226,"clientX":166,"clientY":226,"screenX":166,"screenY":226,"identifier":185238768}],"changedTouches":[{"pageX":166,"pageY":226,"clientX":166,"clientY":226,"screenX":166,"screenY":226,"identifier":185238768}]},{"type":"touchmove","timeStamp":1289752185368,"bubbles":true,"cancelable":true,"detail":0,"screenX":0,"screenY":0,"pageX":0,"pageY":0,"clientX":0,"clientY":0,"ctrlKey":false,"altKey":false,"shiftKey":false,"metaKey":false,"scale":1,"rotation":0,"touches":[{"pageX":169,"pageY":197,"clientX":169,"clientY":197,"screenX":169,"screenY":197,"identifier":185238768}],"targetTouches":[{"pageX":169,"pageY":197,"clientX":169,"clientY":197,"screenX":169,"screenY":197,"identifier":185238768}],"changedTouches":[{"pageX":169,"pageY":197,"clientX":169,"clientY":197,"screenX":169,"screenY":197,"identifier":185238768}]},{"type":"touchmove","timeStamp":1289752185383,"bubbles":true,"cancelable":true,"detail":0,"screenX":0,"screenY":0,"pageX":0,"pageY":0,"clientX":0,"clientY":0,"ctrlKey":false,"altKey":false,"shiftKey":false,"metaKey":false,"scale":1,"rotation":0,"touches":[{"pageX":174,"pageY":170,"clientX":174,"clientY":170,"screenX":174,"screenY":170,"identifier":185238768}],"targetTouches":[{"pageX":174,"pageY":170,"clientX":174,"clientY":170,"screenX":174,"screenY":170,"identifier":185238768}],"changedTouches":[{"pageX":174,"pageY":170,"clientX":174,"clientY":170,"screenX":174,"screenY":170,"identifier":185238768}]},{"type":"touchmove","timeStamp":1289752185396,"bubbles":true,"cancelable":true,"detail":0,"screenX":0,"screenY":0,"pageX":0,"pageY":0,"clientX":0,"clientY":0,"ctrlKey":false,"altKey":false,"shiftKey":false,"metaKey":false,"scale":1,"rotation":0,"touches":[{"pageX":180,"pageY":145,"clientX":180,"clientY":145,"screenX":180,"screenY":145,"identifier":185238768}],"targetTouches":[{"pageX":180,"pageY":145,"clientX":180,"clientY":145,"screenX":180,"screenY":145,"identifier":185238768}],"changedTouches":[{"pageX":180,"pageY":145,"clientX":180,"clientY":145,"screenX":180,"screenY":145,"identifier":185238768}]},{"type":"touchmove","timeStamp":1289752185412,"bubbles":true,"cancelable":true,"detail":0,"screenX":0,"screenY":0,"pageX":0,"pageY":0,"clientX":0,"clientY":0,"ctrlKey":false,"altKey":false,"shiftKey":false,"metaKey":false,"scale":1,"rotation":0,"touches":[{"pageX":185,"pageY":123,"clientX":185,"clientY":123,"screenX":185,"screenY":123,"identifier":185238768}],"targetTouches":[{"pageX":185,"pageY":123,"clientX":185,"clientY":123,"screenX":185,"screenY":123,"identifier":185238768}],"changedTouches":[{"pageX":185,"pageY":123,"clientX":185,"clientY":123,"screenX":185,"screenY":123,"identifier":185238768}]},{"type":"touchmove","timeStamp":1289752185427,"bubbles":true,"cancelable":true,"detail":0,"screenX":0,"screenY":0,"pageX":0,"pageY":0,"clientX":0,"clientY":0,"ctrlKey":false,"altKey":false,"shiftKey":false,"metaKey":false,"scale":1,"rotation":0,"touches":[{"pageX":189,"pageY":106,"clientX":189,"clientY":106,"screenX":189,"screenY":106,"identifier":185238768}],"targetTouches":[{"pageX":189,"pageY":106,"clientX":189,"clientY":106,"screenX":189,"screenY":106,"identifier":185238768}],"changedTouches":[{"pageX":189,"pageY":106,"clientX":189,"clientY":106,"screenX":189,"screenY":106,"identifier":185238768}]},{"type":"touchmove","timeStamp":1289752185443,"bubbles":true,"cancelable":true,"detail":0,"screenX":0,"screenY":0,"pageX":0,"pageY":0,"clientX":0,"clientY":0,"ctrlKey":false,"altKey":false,"shiftKey":false,"metaKey":false,"scale":1,"rotation":0,"touches":[{"pageX":192,"pageY":91,"clientX":192,"clientY":91,"screenX":192,"screenY":91,"identifier":185238768}],"targetTouches":[{"pageX":192,"pageY":91,"clientX":192,"clientY":91,"screenX":192,"screenY":91,"identifier":185238768}],"changedTouches":[{"pageX":192,"pageY":91,"clientX":192,"clientY":91,"screenX":192,"screenY":91,"identifier":185238768}]},{"type":"touchend","timeStamp":1289752185459,"bubbles":true,"cancelable":true,"detail":0,"screenX":0,"screenY":0,"pageX":0,"pageY":0,"clientX":0,"clientY":0,"ctrlKey":false,"altKey":false,"shiftKey":false,"metaKey":false,"scale":1,"rotation":0,"touches":[],"targetTouches":[],"changedTouches":[{"pageX":192,"pageY":91,"clientX":192,"clientY":91,"screenX":192,"screenY":91,"identifier":185238768}]},{"type":"touchstart","timeStamp":1289752185850,"bubbles":true,"cancelable":true,"detail":0,"screenX":0,"screenY":0,"pageX":0,"pageY":0,"clientX":0,"clientY":0,"ctrlKey":false,"altKey":false,"shiftKey":false,"metaKey":false,"scale":1,"rotation":0,"touches":[{"pageX":179,"pageY":152,"clientX":179,"clientY":152,"screenX":179,"screenY":152,"identifier":235997040}],"targetTouches":[{"pageX":179,"pageY":152,"clientX":179,"clientY":152,"screenX":179,"screenY":152,"identifier":235997040}],"changedTouches":[{"pageX":179,"pageY":152,"clientX":179,"clientY":152,"screenX":179,"screenY":152,"identifier":235997040}]},{"type":"touchmove","timeStamp":1289752185889,"bubbles":true,"cancelable":true,"detail":0,"screenX":0,"screenY":0,"pageX":0,"pageY":0,"clientX":0,"clientY":0,"ctrlKey":false,"altKey":false,"shiftKey":false,"metaKey":false,"scale":1,"rotation":0,"touches":[{"pageX":175,"pageY":169,"clientX":175,"clientY":169,"screenX":175,"screenY":169,"identifier":235997040}],"targetTouches":[{"pageX":175,"pageY":169,"clientX":175,"clientY":169,"screenX":175,"screenY":169,"identifier":235997040}],"changedTouches":[{"pageX":175,"pageY":169,"clientX":175,"clientY":169,"screenX":175,"screenY":169,"identifier":235997040}]},{"type":"touchmove","timeStamp":1289752185905,"bubbles":true,"cancelable":true,"detail":0,"screenX":0,"screenY":0,"pageX":0,"pageY":0,"clientX":0,"clientY":0,"ctrlKey":false,"altKey":false,"shiftKey":false,"metaKey":false,"scale":1,"rotation":0,"touches":[{"pageX":171,"pageY":190,"clientX":171,"clientY":190,"screenX":171,"screenY":190,"identifier":235997040}],"targetTouches":[{"pageX":171,"pageY":190,"clientX":171,"clientY":190,"screenX":171,"screenY":190,"identifier":235997040}],"changedTouches":[{"pageX":171,"pageY":190,"clientX":171,"clientY":190,"screenX":171,"screenY":190,"identifier":235997040}]},{"type":"touchmove","timeStamp":1289752185921,"bubbles":true,"cancelable":true,"detail":0,"screenX":0,"screenY":0,"pageX":0,"pageY":0,"clientX":0,"clientY":0,"ctrlKey":false,"altKey":false,"shiftKey":false,"metaKey":false,"scale":1,"rotation":0,"touches":[{"pageX":165,"pageY":214,"clientX":165,"clientY":214,"screenX":165,"screenY":214,"identifier":235997040}],"targetTouches":[{"pageX":165,"pageY":214,"clientX":165,"clientY":214,"screenX":165,"screenY":214,"identifier":235997040}],"changedTouches":[{"pageX":165,"pageY":214,"clientX":165,"clientY":214,"screenX":165,"screenY":214,"identifier":235997040}]},{"type":"touchmove","timeStamp":1289752185937,"bubbles":true,"cancelable":true,"detail":0,"screenX":0,"screenY":0,"pageX":0,"pageY":0,"clientX":0,"clientY":0,"ctrlKey":false,"altKey":false,"shiftKey":false,"metaKey":false,"scale":1,"rotation":0,"touches":[{"pageX":159,"pageY":241,"clientX":159,"clientY":241,"screenX":159,"screenY":241,"identifier":235997040}],"targetTouches":[{"pageX":159,"pageY":241,"clientX":159,"clientY":241,"screenX":159,"screenY":241,"identifier":235997040}],"changedTouches":[{"pageX":159,"pageY":241,"clientX":159,"clientY":241,"screenX":159,"screenY":241,"identifier":235997040}]},{"type":"touchmove","timeStamp":1289752185952,"bubbles":true,"cancelable":true,"detail":0,"screenX":0,"screenY":0,"pageX":0,"pageY":0,"clientX":0,"clientY":0,"ctrlKey":false,"altKey":false,"shiftKey":false,"metaKey":false,"scale":1,"rotation":0,"touches":[{"pageX":152,"pageY":273,"clientX":152,"clientY":273,"screenX":152,"screenY":273,"identifier":235997040}],"targetTouches":[{"pageX":152,"pageY":273,"clientX":152,"clientY":273,"screenX":152,"screenY":273,"identifier":235997040}],"changedTouches":[{"pageX":152,"pageY":273,"clientX":152,"clientY":273,"screenX":152,"screenY":273,"identifier":235997040}]},{"type":"touchmove","timeStamp":1289752185968,"bubbles":true,"cancelable":true,"detail":0,"screenX":0,"screenY":0,"pageX":0,"pageY":0,"clientX":0,"clientY":0,"ctrlKey":false,"altKey":false,"shiftKey":false,"metaKey":false,"scale":1,"rotation":0,"touches":[{"pageX":149,"pageY":297,"clientX":149,"clientY":297,"screenX":149,"screenY":297,"identifier":235997040}],"targetTouches":[{"pageX":149,"pageY":297,"clientX":149,"clientY":297,"screenX":149,"screenY":297,"identifier":235997040}],"changedTouches":[{"pageX":149,"pageY":297,"clientX":149,"clientY":297,"screenX":149,"screenY":297,"identifier":235997040}]},{"type":"touchmove","timeStamp":1289752185986,"bubbles":true,"cancelable":true,"detail":0,"screenX":0,"screenY":0,"pageX":0,"pageY":0,"clientX":0,"clientY":0,"ctrlKey":false,"altKey":false,"shiftKey":false,"metaKey":false,"scale":1,"rotation":0,"touches":[{"pageX":149,"pageY":320,"clientX":149,"clientY":320,"screenX":149,"screenY":320,"identifier":235997040}],"targetTouches":[{"pageX":149,"pageY":320,"clientX":149,"clientY":320,"screenX":149,"screenY":320,"identifier":235997040}],"changedTouches":[{"pageX":149,"pageY":320,"clientX":149,"clientY":320,"screenX":149,"screenY":320,"identifier":235997040}]},{"type":"touchmove","timeStamp":1289752186002,"bubbles":true,"cancelable":true,"detail":0,"screenX":0,"screenY":0,"pageX":0,"pageY":0,"clientX":0,"clientY":0,"ctrlKey":false,"altKey":false,"shiftKey":false,"metaKey":false,"scale":1,"rotation":0,"touches":[{"pageX":149,"pageY":338,"clientX":149,"clientY":338,"screenX":149,"screenY":338,"identifier":235997040}],"targetTouches":[{"pageX":149,"pageY":338,"clientX":149,"clientY":338,"screenX":149,"screenY":338,"identifier":235997040}],"changedTouches":[{"pageX":149,"pageY":338,"clientX":149,"clientY":338,"screenX":149,"screenY":338,"identifier":235997040}]},{"type":"touchmove","timeStamp":1289752186021,"bubbles":true,"cancelable":true,"detail":0,"screenX":0,"screenY":0,"pageX":0,"pageY":0,"clientX":0,"clientY":0,"ctrlKey":false,"altKey":false,"shiftKey":false,"metaKey":false,"scale":1,"rotation":0,"touches":[{"pageX":149,"pageY":350,"clientX":149,"clientY":350,"screenX":149,"screenY":350,"identifier":235997040}],"targetTouches":[{"pageX":149,"pageY":350,"clientX":149,"clientY":350,"screenX":149,"screenY":350,"identifier":235997040}],"changedTouches":[{"pageX":149,"pageY":350,"clientX":149,"clientY":350,"screenX":149,"screenY":350,"identifier":235997040}]},{"type":"touchend","timeStamp":1289752186037,"bubbles":true,"cancelable":true,"detail":0,"screenX":0,"screenY":0,"pageX":0,"pageY":0,"clientX":0,"clientY":0,"ctrlKey":false,"altKey":false,"shiftKey":false,"metaKey":false,"scale":1,"rotation":0,"touches":[],"targetTouches":[],"changedTouches":[{"pageX":149,"pageY":350,"clientX":149,"clientY":350,"screenX":149,"screenY":350,"identifier":235997040}]},{"type":"touchstart","timeStamp":1289752186953,"bubbles":true,"cancelable":true,"detail":0,"screenX":0,"screenY":0,"pageX":0,"pageY":0,"clientX":0,"clientY":0,"ctrlKey":false,"altKey":false,"shiftKey":false,"metaKey":false,"scale":1,"rotation":0,"touches":[{"pageX":171,"pageY":117,"clientX":171,"clientY":117,"screenX":171,"screenY":117,"identifier":235954688}],"targetTouches":[{"pageX":171,"pageY":117,"clientX":171,"clientY":117,"screenX":171,"screenY":117,"identifier":235954688}],"changedTouches":[{"pageX":171,"pageY":117,"clientX":171,"clientY":117,"screenX":171,"screenY":117,"identifier":235954688}]},{"type":"touchend","timeStamp":1289752187156,"bubbles":true,"cancelable":true,"detail":0,"screenX":0,"screenY":0,"pageX":0,"pageY":0,"clientX":0,"clientY":0,"ctrlKey":false,"altKey":false,"shiftKey":false,"metaKey":false,"scale":1,"rotation":0,"touches":[],"targetTouches":[],"changedTouches":[{"pageX":171,"pageY":117,"clientX":171,"clientY":117,"screenX":171,"screenY":117,"identifier":235954688}]},{"type":"touchstart","timeStamp":1289752187959,"bubbles":true,"cancelable":true,"detail":0,"screenX":0,"screenY":0,"pageX":0,"pageY":0,"clientX":0,"clientY":0,"ctrlKey":false,"altKey":false,"shiftKey":false,"metaKey":false,"scale":1,"rotation":0,"touches":[{"pageX":182,"pageY":128,"clientX":182,"clientY":128,"screenX":182,"screenY":128,"identifier":235997040}],"targetTouches":[{"pageX":182,"pageY":128,"clientX":182,"clientY":128,"screenX":182,"screenY":128,"identifier":235997040}],"changedTouches":[{"pageX":182,"pageY":128,"clientX":182,"clientY":128,"screenX":182,"screenY":128,"identifier":235997040}]},{"type":"touchend","timeStamp":1289752188134,"bubbles":true,"cancelable":true,"detail":0,"screenX":0,"screenY":0,"pageX":0,"pageY":0,"clientX":0,"clientY":0,"ctrlKey":false,"altKey":false,"shiftKey":false,"metaKey":false,"scale":1,"rotation":0,"touches":[],"targetTouches":[],"changedTouches":[{"pageX":182,"pageY":128,"clientX":182,"clientY":128,"screenX":182,"screenY":128,"identifier":235997040}]},{"type":"touchstart","timeStamp":1289752189272,"bubbles":true,"cancelable":true,"detail":0,"screenX":0,"screenY":0,"pageX":0,"pageY":0,"clientX":0,"clientY":0,"ctrlKey":false,"altKey":false,"shiftKey":false,"metaKey":false,"scale":1,"rotation":0,"touches":[{"pageX":113,"pageY":139,"clientX":113,"clientY":139,"screenX":113,"screenY":139,"identifier":185536032}],"targetTouches":[{"pageX":113,"pageY":139,"clientX":113,"clientY":139,"screenX":113,"screenY":139,"identifier":185536032}],"changedTouches":[{"pageX":113,"pageY":139,"clientX":113,"clientY":139,"screenX":113,"screenY":139,"identifier":185536032}]},{"type":"touchend","timeStamp":1289752189428,"bubbles":true,"cancelable":true,"detail":0,"screenX":0,"screenY":0,"pageX":0,"pageY":0,"clientX":0,"clientY":0,"ctrlKey":false,"altKey":false,"shiftKey":false,"metaKey":false,"scale":1,"rotation":0,"touches":[],"targetTouches":[],"changedTouches":[{"pageX":113,"pageY":139,"clientX":113,"clientY":139,"screenX":113,"screenY":139,"identifier":185536032}]},{"type":"touchstart","timeStamp":1289752189609,"bubbles":true,"cancelable":true,"detail":0,"screenX":0,"screenY":0,"pageX":0,"pageY":0,"clientX":0,"clientY":0,"ctrlKey":false,"altKey":false,"shiftKey":false,"metaKey":false,"scale":1,"rotation":0,"touches":[{"pageX":247,"pageY":123,"clientX":247,"clientY":123,"screenX":247,"screenY":123,"identifier":184839280}],"targetTouches":[{"pageX":247,"pageY":123,"clientX":247,"clientY":123,"screenX":247,"screenY":123,"identifier":184839280}],"changedTouches":[{"pageX":247,"pageY":123,"clientX":247,"clientY":123,"screenX":247,"screenY":123,"identifier":184839280}]},{"type":"touchend","timeStamp":1289752189733,"bubbles":true,"cancelable":true,"detail":0,"screenX":0,"screenY":0,"pageX":0,"pageY":0,"clientX":0,"clientY":0,"ctrlKey":false,"altKey":false,"shiftKey":false,"metaKey":false,"scale":1,"rotation":0,"touches":[],"targetTouches":[],"changedTouches":[{"pageX":247,"pageY":123,"clientX":247,"clientY":123,"screenX":247,"screenY":123,"identifier":184839280}]},{"type":"touchstart","timeStamp":1289752189975,"bubbles":true,"cancelable":true,"detail":0,"screenX":0,"screenY":0,"pageX":0,"pageY":0,"clientX":0,"clientY":0,"ctrlKey":false,"altKey":false,"shiftKey":false,"metaKey":false,"scale":1,"rotation":0,"touches":[{"pageX":237,"pageY":215,"clientX":237,"clientY":215,"screenX":237,"screenY":215,"identifier":185520096}],"targetTouches":[{"pageX":237,"pageY":215,"clientX":237,"clientY":215,"screenX":237,"screenY":215,"identifier":185520096}],"changedTouches":[{"pageX":237,"pageY":215,"clientX":237,"clientY":215,"screenX":237,"screenY":215,"identifier":185520096}]},{"type":"touchend","timeStamp":1289752190116,"bubbles":true,"cancelable":true,"detail":0,"screenX":0,"screenY":0,"pageX":0,"pageY":0,"clientX":0,"clientY":0,"ctrlKey":false,"altKey":false,"shiftKey":false,"metaKey":false,"scale":1,"rotation":0,"touches":[],"targetTouches":[],"changedTouches":[{"pageX":237,"pageY":215,"clientX":237,"clientY":215,"screenX":237,"screenY":215,"identifier":185520096}]},{"type":"touchstart","timeStamp":1289752190359,"bubbles":true,"cancelable":true,"detail":0,"screenX":0,"screenY":0,"pageX":0,"pageY":0,"clientX":0,"clientY":0,"ctrlKey":false,"altKey":false,"shiftKey":false,"metaKey":false,"scale":1,"rotation":0,"touches":[{"pageX":99,"pageY":214,"clientX":99,"clientY":214,"screenX":99,"screenY":214,"identifier":185569232}],"targetTouches":[{"pageX":99,"pageY":214,"clientX":99,"clientY":214,"screenX":99,"screenY":214,"identifier":185569232}],"changedTouches":[{"pageX":99,"pageY":214,"clientX":99,"clientY":214,"screenX":99,"screenY":214,"identifier":185569232}]},{"type":"touchend","timeStamp":1289752190515,"bubbles":true,"cancelable":true,"detail":0,"screenX":0,"screenY":0,"pageX":0,"pageY":0,"clientX":0,"clientY":0,"ctrlKey":false,"altKey":false,"shiftKey":false,"metaKey":false,"scale":1,"rotation":0,"touches":[],"targetTouches":[],"changedTouches":[{"pageX":99,"pageY":214,"clientX":99,"clientY":214,"screenX":99,"screenY":214,"identifier":185569232}]},{"type":"touchstart","timeStamp":1289752191079,"bubbles":true,"cancelable":true,"detail":0,"screenX":0,"screenY":0,"pageX":0,"pageY":0,"clientX":0,"clientY":0,"ctrlKey":false,"altKey":false,"shiftKey":false,"metaKey":false,"scale":1,"rotation":0,"touches":[{"pageX":55,"pageY":9,"clientX":55,"clientY":9,"screenX":55,"screenY":9,"identifier":235953328}],"targetTouches":[{"pageX":55,"pageY":9,"clientX":55,"clientY":9,"screenX":55,"screenY":9,"identifier":235953328}],"changedTouches":[{"pageX":55,"pageY":9,"clientX":55,"clientY":9,"screenX":55,"screenY":9,"identifier":235953328}]},{"type":"touchend","timeStamp":1289752191212,"bubbles":true,"cancelable":true,"detail":0,"screenX":0,"screenY":0,"pageX":0,"pageY":0,"clientX":0,"clientY":0,"ctrlKey":false,"altKey":false,"shiftKey":false,"metaKey":false,"scale":1,"rotation":0,"touches":[],"targetTouches":[],"changedTouches":[{"pageX":55,"pageY":9,"clientX":55,"clientY":9,"screenX":55,"screenY":9,"identifier":235953328}]},{"type":"mouseup","timeStamp":1289752191221,"bubbles":true,"cancelable":true,"detail":0,"screenX":56,"screenY":-6,"clientX":56,"clientY":-6,"pageX":56,"pageY":-6,"ctrlKey":false,"altKey":false,"shiftKey":false,"metaKey":false,"button":0,"relatedTarget":null},{"type":"touchstart","timeStamp":1289752192200,"bubbles":true,"cancelable":true,"detail":0,"screenX":0,"screenY":0,"pageX":0,"pageY":0,"clientX":0,"clientY":0,"ctrlKey":false,"altKey":false,"shiftKey":false,"metaKey":false,"scale":1,"rotation":0,"touches":[{"pageX":168,"pageY":321,"clientX":168,"clientY":321,"screenX":168,"screenY":321,"identifier":185004016}],"targetTouches":[{"pageX":168,"pageY":321,"clientX":168,"clientY":321,"screenX":168,"screenY":321,"identifier":185004016}],"changedTouches":[{"pageX":168,"pageY":321,"clientX":168,"clientY":321,"screenX":168,"screenY":321,"identifier":185004016}]},{"type":"touchmove","timeStamp":1289752192243,"bubbles":true,"cancelable":true,"detail":0,"screenX":0,"screenY":0,"pageX":0,"pageY":0,"clientX":0,"clientY":0,"ctrlKey":false,"altKey":false,"shiftKey":false,"metaKey":false,"scale":1,"rotation":0,"touches":[{"pageX":168,"pageY":296,"clientX":168,"clientY":296,"screenX":168,"screenY":296,"identifier":185004016}],"targetTouches":[{"pageX":168,"pageY":296,"clientX":168,"clientY":296,"screenX":168,"screenY":296,"identifier":185004016}],"changedTouches":[{"pageX":168,"pageY":296,"clientX":168,"clientY":296,"screenX":168,"screenY":296,"identifier":185004016}]},{"type":"touchmove","timeStamp":1289752192260,"bubbles":true,"cancelable":true,"detail":0,"screenX":0,"screenY":0,"pageX":0,"pageY":0,"clientX":0,"clientY":0,"ctrlKey":false,"altKey":false,"shiftKey":false,"metaKey":false,"scale":1,"rotation":0,"touches":[{"pageX":168,"pageY":272,"clientX":168,"clientY":272,"screenX":168,"screenY":272,"identifier":185004016}],"targetTouches":[{"pageX":168,"pageY":272,"clientX":168,"clientY":272,"screenX":168,"screenY":272,"identifier":185004016}],"changedTouches":[{"pageX":168,"pageY":272,"clientX":168,"clientY":272,"screenX":168,"screenY":272,"identifier":185004016}]},{"type":"touchmove","timeStamp":1289752192274,"bubbles":true,"cancelable":true,"detail":0,"screenX":0,"screenY":0,"pageX":0,"pageY":0,"clientX":0,"clientY":0,"ctrlKey":false,"altKey":false,"shiftKey":false,"metaKey":false,"scale":1,"rotation":0,"touches":[{"pageX":169,"pageY":244,"clientX":169,"clientY":244,"screenX":169,"screenY":244,"identifier":185004016}],"targetTouches":[{"pageX":169,"pageY":244,"clientX":169,"clientY":244,"screenX":169,"screenY":244,"identifier":185004016}],"changedTouches":[{"pageX":169,"pageY":244,"clientX":169,"clientY":244,"screenX":169,"screenY":244,"identifier":185004016}]},{"type":"touchmove","timeStamp":1289752192288,"bubbles":true,"cancelable":true,"detail":0,"screenX":0,"screenY":0,"pageX":0,"pageY":0,"clientX":0,"clientY":0,"ctrlKey":false,"altKey":false,"shiftKey":false,"metaKey":false,"scale":1,"rotation":0,"touches":[{"pageX":174,"pageY":209,"clientX":174,"clientY":209,"screenX":174,"screenY":209,"identifier":185004016}],"targetTouches":[{"pageX":174,"pageY":209,"clientX":174,"clientY":209,"screenX":174,"screenY":209,"identifier":185004016}],"changedTouches":[{"pageX":174,"pageY":209,"clientX":174,"clientY":209,"screenX":174,"screenY":209,"identifier":185004016}]},{"type":"touchmove","timeStamp":1289752192305,"bubbles":true,"cancelable":true,"detail":0,"screenX":0,"screenY":0,"pageX":0,"pageY":0,"clientX":0,"clientY":0,"ctrlKey":false,"altKey":false,"shiftKey":false,"metaKey":false,"scale":1,"rotation":0,"touches":[{"pageX":178,"pageY":186,"clientX":178,"clientY":186,"screenX":178,"screenY":186,"identifier":185004016}],"targetTouches":[{"pageX":178,"pageY":186,"clientX":178,"clientY":186,"screenX":178,"screenY":186,"identifier":185004016}],"changedTouches":[{"pageX":178,"pageY":186,"clientX":178,"clientY":186,"screenX":178,"screenY":186,"identifier":185004016}]},{"type":"touchmove","timeStamp":1289752192320,"bubbles":true,"cancelable":true,"detail":0,"screenX":0,"screenY":0,"pageX":0,"pageY":0,"clientX":0,"clientY":0,"ctrlKey":false,"altKey":false,"shiftKey":false,"metaKey":false,"scale":1,"rotation":0,"touches":[{"pageX":182,"pageY":164,"clientX":182,"clientY":164,"screenX":182,"screenY":164,"identifier":185004016}],"targetTouches":[{"pageX":182,"pageY":164,"clientX":182,"clientY":164,"screenX":182,"screenY":164,"identifier":185004016}],"changedTouches":[{"pageX":182,"pageY":164,"clientX":182,"clientY":164,"screenX":182,"screenY":164,"identifier":185004016}]},{"type":"touchmove","timeStamp":1289752192336,"bubbles":true,"cancelable":true,"detail":0,"screenX":0,"screenY":0,"pageX":0,"pageY":0,"clientX":0,"clientY":0,"ctrlKey":false,"altKey":false,"shiftKey":false,"metaKey":false,"scale":1,"rotation":0,"touches":[{"pageX":184,"pageY":148,"clientX":184,"clientY":148,"screenX":184,"screenY":148,"identifier":185004016}],"targetTouches":[{"pageX":184,"pageY":148,"clientX":184,"clientY":148,"screenX":184,"screenY":148,"identifier":185004016}],"changedTouches":[{"pageX":184,"pageY":148,"clientX":184,"clientY":148,"screenX":184,"screenY":148,"identifier":185004016}]},{"type":"touchend","timeStamp":1289752192353,"bubbles":true,"cancelable":true,"detail":0,"screenX":0,"screenY":0,"pageX":0,"pageY":0,"clientX":0,"clientY":0,"ctrlKey":false,"altKey":false,"shiftKey":false,"metaKey":false,"scale":1,"rotation":0,"touches":[],"targetTouches":[],"changedTouches":[{"pageX":184,"pageY":148,"clientX":184,"clientY":148,"screenX":184,"screenY":148,"identifier":185004016}]},{"type":"touchstart","timeStamp":1289752193066,"bubbles":true,"cancelable":true,"detail":0,"screenX":0,"screenY":0,"pageX":0,"pageY":0,"clientX":0,"clientY":0,"ctrlKey":false,"altKey":false,"shiftKey":false,"metaKey":false,"scale":1,"rotation":0,"touches":[{"pageX":151,"pageY":214,"clientX":151,"clientY":214,"screenX":151,"screenY":214,"identifier":185004016}],"targetTouches":[{"pageX":151,"pageY":214,"clientX":151,"clientY":214,"screenX":151,"screenY":214,"identifier":185004016}],"changedTouches":[{"pageX":151,"pageY":214,"clientX":151,"clientY":214,"screenX":151,"screenY":214,"identifier":185004016}]},{"type":"touchend","timeStamp":1289752193212,"bubbles":true,"cancelable":true,"detail":0,"screenX":0,"screenY":0,"pageX":0,"pageY":0,"clientX":0,"clientY":0,"ctrlKey":false,"altKey":false,"shiftKey":false,"metaKey":false,"scale":1,"rotation":0,"touches":[],"targetTouches":[],"changedTouches":[{"pageX":151,"pageY":214,"clientX":151,"clientY":214,"screenX":151,"screenY":214,"identifier":185004016}]},{"type":"touchstart","timeStamp":1289752194584,"bubbles":true,"cancelable":true,"detail":0,"screenX":0,"screenY":0,"pageX":0,"pageY":0,"clientX":0,"clientY":0,"ctrlKey":false,"altKey":false,"shiftKey":false,"metaKey":false,"scale":1,"rotation":0,"touches":[{"pageX":230,"pageY":188,"clientX":230,"clientY":188,"screenX":230,"screenY":188,"identifier":235997040}],"targetTouches":[{"pageX":230,"pageY":188,"clientX":230,"clientY":188,"screenX":230,"screenY":188,"identifier":235997040}],"changedTouches":[{"pageX":230,"pageY":188,"clientX":230,"clientY":188,"screenX":230,"screenY":188,"identifier":235997040}]},{"type":"touchmove","timeStamp":1289752194611,"bubbles":true,"cancelable":true,"detail":0,"screenX":0,"screenY":0,"pageX":0,"pageY":0,"clientX":0,"clientY":0,"ctrlKey":false,"altKey":false,"shiftKey":false,"metaKey":false,"scale":1,"rotation":0,"touches":[{"pageX":221,"pageY":189,"clientX":221,"clientY":189,"screenX":221,"screenY":189,"identifier":235997040}],"targetTouches":[{"pageX":221,"pageY":189,"clientX":221,"clientY":189,"screenX":221,"screenY":189,"identifier":235997040}],"changedTouches":[{"pageX":221,"pageY":189,"clientX":221,"clientY":189,"screenX":221,"screenY":189,"identifier":235997040}]},{"type":"touchmove","timeStamp":1289752194642,"bubbles":true,"cancelable":true,"detail":0,"screenX":0,"screenY":0,"pageX":0,"pageY":0,"clientX":0,"clientY":0,"ctrlKey":false,"altKey":false,"shiftKey":false,"metaKey":false,"scale":1,"rotation":0,"touches":[{"pageX":194,"pageY":191,"clientX":194,"clientY":191,"screenX":194,"screenY":191,"identifier":235997040}],"targetTouches":[{"pageX":194,"pageY":191,"clientX":194,"clientY":191,"screenX":194,"screenY":191,"identifier":235997040}],"changedTouches":[{"pageX":194,"pageY":191,"clientX":194,"clientY":191,"screenX":194,"screenY":191,"identifier":235997040}]},{"type":"touchmove","timeStamp":1289752194658,"bubbles":true,"cancelable":true,"detail":0,"screenX":0,"screenY":0,"pageX":0,"pageY":0,"clientX":0,"clientY":0,"ctrlKey":false,"altKey":false,"shiftKey":false,"metaKey":false,"scale":1,"rotation":0,"touches":[{"pageX":169,"pageY":192,"clientX":169,"clientY":192,"screenX":169,"screenY":192,"identifier":235997040}],"targetTouches":[{"pageX":169,"pageY":192,"clientX":169,"clientY":192,"screenX":169,"screenY":192,"identifier":235997040}],"changedTouches":[{"pageX":169,"pageY":192,"clientX":169,"clientY":192,"screenX":169,"screenY":192,"identifier":235997040}]},{"type":"touchmove","timeStamp":1289752194674,"bubbles":true,"cancelable":true,"detail":0,"screenX":0,"screenY":0,"pageX":0,"pageY":0,"clientX":0,"clientY":0,"ctrlKey":false,"altKey":false,"shiftKey":false,"metaKey":false,"scale":1,"rotation":0,"touches":[{"pageX":146,"pageY":193,"clientX":146,"clientY":193,"screenX":146,"screenY":193,"identifier":235997040}],"targetTouches":[{"pageX":146,"pageY":193,"clientX":146,"clientY":193,"screenX":146,"screenY":193,"identifier":235997040}],"changedTouches":[{"pageX":146,"pageY":193,"clientX":146,"clientY":193,"screenX":146,"screenY":193,"identifier":235997040}]},{"type":"touchmove","timeStamp":1289752194689,"bubbles":true,"cancelable":true,"detail":0,"screenX":0,"screenY":0,"pageX":0,"pageY":0,"clientX":0,"clientY":0,"ctrlKey":false,"altKey":false,"shiftKey":false,"metaKey":false,"scale":1,"rotation":0,"touches":[{"pageX":126,"pageY":193,"clientX":126,"clientY":193,"screenX":126,"screenY":193,"identifier":235997040}],"targetTouches":[{"pageX":126,"pageY":193,"clientX":126,"clientY":193,"screenX":126,"screenY":193,"identifier":235997040}],"changedTouches":[{"pageX":126,"pageY":193,"clientX":126,"clientY":193,"screenX":126,"screenY":193,"identifier":235997040}]},{"type":"touchmove","timeStamp":1289752194706,"bubbles":true,"cancelable":true,"detail":0,"screenX":0,"screenY":0,"pageX":0,"pageY":0,"clientX":0,"clientY":0,"ctrlKey":false,"altKey":false,"shiftKey":false,"metaKey":false,"scale":1,"rotation":0,"touches":[{"pageX":103,"pageY":193,"clientX":103,"clientY":193,"screenX":103,"screenY":193,"identifier":235997040}],"targetTouches":[{"pageX":103,"pageY":193,"clientX":103,"clientY":193,"screenX":103,"screenY":193,"identifier":235997040}],"changedTouches":[{"pageX":103,"pageY":193,"clientX":103,"clientY":193,"screenX":103,"screenY":193,"identifier":235997040}]},{"type":"touchmove","timeStamp":1289752194721,"bubbles":true,"cancelable":true,"detail":0,"screenX":0,"screenY":0,"pageX":0,"pageY":0,"clientX":0,"clientY":0,"ctrlKey":false,"altKey":false,"shiftKey":false,"metaKey":false,"scale":1,"rotation":0,"touches":[{"pageX":87,"pageY":192,"clientX":87,"clientY":192,"screenX":87,"screenY":192,"identifier":235997040}],"targetTouches":[{"pageX":87,"pageY":192,"clientX":87,"clientY":192,"screenX":87,"screenY":192,"identifier":235997040}],"changedTouches":[{"pageX":87,"pageY":192,"clientX":87,"clientY":192,"screenX":87,"screenY":192,"identifier":235997040}]},{"type":"touchend","timeStamp":1289752194738,"bubbles":true,"cancelable":true,"detail":0,"screenX":0,"screenY":0,"pageX":0,"pageY":0,"clientX":0,"clientY":0,"ctrlKey":false,"altKey":false,"shiftKey":false,"metaKey":false,"scale":1,"rotation":0,"touches":[],"targetTouches":[],"changedTouches":[{"pageX":87,"pageY":192,"clientX":87,"clientY":192,"screenX":87,"screenY":192,"identifier":235997040}]},{"type":"touchstart","timeStamp":1289752195083,"bubbles":true,"cancelable":true,"detail":0,"screenX":0,"screenY":0,"pageX":0,"pageY":0,"clientX":0,"clientY":0,"ctrlKey":false,"altKey":false,"shiftKey":false,"metaKey":false,"scale":1,"rotation":0,"touches":[{"pageX":224,"pageY":184,"clientX":224,"clientY":184,"screenX":224,"screenY":184,"identifier":185238768}],"targetTouches":[{"pageX":224,"pageY":184,"clientX":224,"clientY":184,"screenX":224,"screenY":184,"identifier":185238768}],"changedTouches":[{"pageX":224,"pageY":184,"clientX":224,"clientY":184,"screenX":224,"screenY":184,"identifier":185238768}]},{"type":"touchmove","timeStamp":1289752195135,"bubbles":true,"cancelable":true,"detail":0,"screenX":0,"screenY":0,"pageX":0,"pageY":0,"clientX":0,"clientY":0,"ctrlKey":false,"altKey":false,"shiftKey":false,"metaKey":false,"scale":1,"rotation":0,"touches":[{"pageX":193,"pageY":188,"clientX":193,"clientY":188,"screenX":193,"screenY":188,"identifier":185238768}],"targetTouches":[{"pageX":193,"pageY":188,"clientX":193,"clientY":188,"screenX":193,"screenY":188,"identifier":185238768}],"changedTouches":[{"pageX":193,"pageY":188,"clientX":193,"clientY":188,"screenX":193,"screenY":188,"identifier":185238768}]},{"type":"touchmove","timeStamp":1289752195141,"bubbles":true,"cancelable":true,"detail":0,"screenX":0,"screenY":0,"pageX":0,"pageY":0,"clientX":0,"clientY":0,"ctrlKey":false,"altKey":false,"shiftKey":false,"metaKey":false,"scale":1,"rotation":0,"touches":[{"pageX":168,"pageY":188,"clientX":168,"clientY":188,"screenX":168,"screenY":188,"identifier":185238768}],"targetTouches":[{"pageX":168,"pageY":188,"clientX":168,"clientY":188,"screenX":168,"screenY":188,"identifier":185238768}],"changedTouches":[{"pageX":168,"pageY":188,"clientX":168,"clientY":188,"screenX":168,"screenY":188,"identifier":185238768}]},{"type":"touchmove","timeStamp":1289752195154,"bubbles":true,"cancelable":true,"detail":0,"screenX":0,"screenY":0,"pageX":0,"pageY":0,"clientX":0,"clientY":0,"ctrlKey":false,"altKey":false,"shiftKey":false,"metaKey":false,"scale":1,"rotation":0,"touches":[{"pageX":141,"pageY":188,"clientX":141,"clientY":188,"screenX":141,"screenY":188,"identifier":185238768}],"targetTouches":[{"pageX":141,"pageY":188,"clientX":141,"clientY":188,"screenX":141,"screenY":188,"identifier":185238768}],"changedTouches":[{"pageX":141,"pageY":188,"clientX":141,"clientY":188,"screenX":141,"screenY":188,"identifier":185238768}]},{"type":"touchmove","timeStamp":1289752195170,"bubbles":true,"cancelable":true,"detail":0,"screenX":0,"screenY":0,"pageX":0,"pageY":0,"clientX":0,"clientY":0,"ctrlKey":false,"altKey":false,"shiftKey":false,"metaKey":false,"scale":1,"rotation":0,"touches":[{"pageX":113,"pageY":188,"clientX":113,"clientY":188,"screenX":113,"screenY":188,"identifier":185238768}],"targetTouches":[{"pageX":113,"pageY":188,"clientX":113,"clientY":188,"screenX":113,"screenY":188,"identifier":185238768}],"changedTouches":[{"pageX":113,"pageY":188,"clientX":113,"clientY":188,"screenX":113,"screenY":188,"identifier":185238768}]},{"type":"touchmove","timeStamp":1289752195185,"bubbles":true,"cancelable":true,"detail":0,"screenX":0,"screenY":0,"pageX":0,"pageY":0,"clientX":0,"clientY":0,"ctrlKey":false,"altKey":false,"shiftKey":false,"metaKey":false,"scale":1,"rotation":0,"touches":[{"pageX":89,"pageY":188,"clientX":89,"clientY":188,"screenX":89,"screenY":188,"identifier":185238768}],"targetTouches":[{"pageX":89,"pageY":188,"clientX":89,"clientY":188,"screenX":89,"screenY":188,"identifier":185238768}],"changedTouches":[{"pageX":89,"pageY":188,"clientX":89,"clientY":188,"screenX":89,"screenY":188,"identifier":185238768}]},{"type":"touchend","timeStamp":1289752195202,"bubbles":true,"cancelable":true,"detail":0,"screenX":0,"screenY":0,"pageX":0,"pageY":0,"clientX":0,"clientY":0,"ctrlKey":false,"altKey":false,"shiftKey":false,"metaKey":false,"scale":1,"rotation":0,"touches":[],"targetTouches":[],"changedTouches":[{"pageX":89,"pageY":188,"clientX":89,"clientY":188,"screenX":89,"screenY":188,"identifier":185238768}]},{"type":"touchstart","timeStamp":1289752195561,"bubbles":true,"cancelable":true,"detail":0,"screenX":0,"screenY":0,"pageX":0,"pageY":0,"clientX":0,"clientY":0,"ctrlKey":false,"altKey":false,"shiftKey":false,"metaKey":false,"scale":1,"rotation":0,"touches":[{"pageX":68,"pageY":175,"clientX":68,"clientY":175,"screenX":68,"screenY":175,"identifier":235935360}],"targetTouches":[{"pageX":68,"pageY":175,"clientX":68,"clientY":175,"screenX":68,"screenY":175,"identifier":235935360}],"changedTouches":[{"pageX":68,"pageY":175,"clientX":68,"clientY":175,"screenX":68,"screenY":175,"identifier":235935360}]},{"type":"touchmove","timeStamp":1289752195588,"bubbles":true,"cancelable":true,"detail":0,"screenX":0,"screenY":0,"pageX":0,"pageY":0,"clientX":0,"clientY":0,"ctrlKey":false,"altKey":false,"shiftKey":false,"metaKey":false,"scale":1,"rotation":0,"touches":[{"pageX":100,"pageY":170,"clientX":100,"clientY":170,"screenX":100,"screenY":170,"identifier":235935360}],"targetTouches":[{"pageX":100,"pageY":170,"clientX":100,"clientY":170,"screenX":100,"screenY":170,"identifier":235935360}],"changedTouches":[{"pageX":100,"pageY":170,"clientX":100,"clientY":170,"screenX":100,"screenY":170,"identifier":235935360}]},{"type":"touchmove","timeStamp":1289752195603,"bubbles":true,"cancelable":true,"detail":0,"screenX":0,"screenY":0,"pageX":0,"pageY":0,"clientX":0,"clientY":0,"ctrlKey":false,"altKey":false,"shiftKey":false,"metaKey":false,"scale":1,"rotation":0,"touches":[{"pageX":136,"pageY":168,"clientX":136,"clientY":168,"screenX":136,"screenY":168,"identifier":235935360}],"targetTouches":[{"pageX":136,"pageY":168,"clientX":136,"clientY":168,"screenX":136,"screenY":168,"identifier":235935360}],"changedTouches":[{"pageX":136,"pageY":168,"clientX":136,"clientY":168,"screenX":136,"screenY":168,"identifier":235935360}]},{"type":"touchmove","timeStamp":1289752195618,"bubbles":true,"cancelable":true,"detail":0,"screenX":0,"screenY":0,"pageX":0,"pageY":0,"clientX":0,"clientY":0,"ctrlKey":false,"altKey":false,"shiftKey":false,"metaKey":false,"scale":1,"rotation":0,"touches":[{"pageX":177,"pageY":168,"clientX":177,"clientY":168,"screenX":177,"screenY":168,"identifier":235935360}],"targetTouches":[{"pageX":177,"pageY":168,"clientX":177,"clientY":168,"screenX":177,"screenY":168,"identifier":235935360}],"changedTouches":[{"pageX":177,"pageY":168,"clientX":177,"clientY":168,"screenX":177,"screenY":168,"identifier":235935360}]},{"type":"touchmove","timeStamp":1289752195635,"bubbles":true,"cancelable":true,"detail":0,"screenX":0,"screenY":0,"pageX":0,"pageY":0,"clientX":0,"clientY":0,"ctrlKey":false,"altKey":false,"shiftKey":false,"metaKey":false,"scale":1,"rotation":0,"touches":[{"pageX":217,"pageY":167,"clientX":217,"clientY":167,"screenX":217,"screenY":167,"identifier":235935360}],"targetTouches":[{"pageX":217,"pageY":167,"clientX":217,"clientY":167,"screenX":217,"screenY":167,"identifier":235935360}],"changedTouches":[{"pageX":217,"pageY":167,"clientX":217,"clientY":167,"screenX":217,"screenY":167,"identifier":235935360}]},{"type":"touchmove","timeStamp":1289752195652,"bubbles":true,"cancelable":true,"detail":0,"screenX":0,"screenY":0,"pageX":0,"pageY":0,"clientX":0,"clientY":0,"ctrlKey":false,"altKey":false,"shiftKey":false,"metaKey":false,"scale":1,"rotation":0,"touches":[{"pageX":244,"pageY":166,"clientX":244,"clientY":166,"screenX":244,"screenY":166,"identifier":235935360}],"targetTouches":[{"pageX":244,"pageY":166,"clientX":244,"clientY":166,"screenX":244,"screenY":166,"identifier":235935360}],"changedTouches":[{"pageX":244,"pageY":166,"clientX":244,"clientY":166,"screenX":244,"screenY":166,"identifier":235935360}]},{"type":"touchmove","timeStamp":1289752195668,"bubbles":true,"cancelable":true,"detail":0,"screenX":0,"screenY":0,"pageX":0,"pageY":0,"clientX":0,"clientY":0,"ctrlKey":false,"altKey":false,"shiftKey":false,"metaKey":false,"scale":1,"rotation":0,"touches":[{"pageX":268,"pageY":164,"clientX":268,"clientY":164,"screenX":268,"screenY":164,"identifier":235935360}],"targetTouches":[{"pageX":268,"pageY":164,"clientX":268,"clientY":164,"screenX":268,"screenY":164,"identifier":235935360}],"changedTouches":[{"pageX":268,"pageY":164,"clientX":268,"clientY":164,"screenX":268,"screenY":164,"identifier":235935360}]},{"type":"touchend","timeStamp":1289752195686,"bubbles":true,"cancelable":true,"detail":0,"screenX":0,"screenY":0,"pageX":0,"pageY":0,"clientX":0,"clientY":0,"ctrlKey":false,"altKey":false,"shiftKey":false,"metaKey":false,"scale":1,"rotation":0,"touches":[],"targetTouches":[],"changedTouches":[{"pageX":268,"pageY":164,"clientX":268,"clientY":164,"screenX":268,"screenY":164,"identifier":235935360}]},{"type":"touchstart","timeStamp":1289752196022,"bubbles":true,"cancelable":true,"detail":0,"screenX":0,"screenY":0,"pageX":0,"pageY":0,"clientX":0,"clientY":0,"ctrlKey":false,"altKey":false,"shiftKey":false,"metaKey":false,"scale":1,"rotation":0,"touches":[{"pageX":103,"pageY":160,"clientX":103,"clientY":160,"screenX":103,"screenY":160,"identifier":185238768}],"targetTouches":[{"pageX":103,"pageY":160,"clientX":103,"clientY":160,"screenX":103,"screenY":160,"identifier":185238768}],"changedTouches":[{"pageX":103,"pageY":160,"clientX":103,"clientY":160,"screenX":103,"screenY":160,"identifier":185238768}]},{"type":"touchmove","timeStamp":1289752196045,"bubbles":true,"cancelable":true,"detail":0,"screenX":0,"screenY":0,"pageX":0,"pageY":0,"clientX":0,"clientY":0,"ctrlKey":false,"altKey":false,"shiftKey":false,"metaKey":false,"scale":1,"rotation":0,"touches":[{"pageX":122,"pageY":159,"clientX":122,"clientY":159,"screenX":122,"screenY":159,"identifier":185238768}],"targetTouches":[{"pageX":122,"pageY":159,"clientX":122,"clientY":159,"screenX":122,"screenY":159,"identifier":185238768}],"changedTouches":[{"pageX":122,"pageY":159,"clientX":122,"clientY":159,"screenX":122,"screenY":159,"identifier":185238768}]},{"type":"touchmove","timeStamp":1289752196053,"bubbles":true,"cancelable":true,"detail":0,"screenX":0,"screenY":0,"pageX":0,"pageY":0,"clientX":0,"clientY":0,"ctrlKey":false,"altKey":false,"shiftKey":false,"metaKey":false,"scale":1,"rotation":0,"touches":[{"pageX":148,"pageY":159,"clientX":148,"clientY":159,"screenX":148,"screenY":159,"identifier":185238768}],"targetTouches":[{"pageX":148,"pageY":159,"clientX":148,"clientY":159,"screenX":148,"screenY":159,"identifier":185238768}],"changedTouches":[{"pageX":148,"pageY":159,"clientX":148,"clientY":159,"screenX":148,"screenY":159,"identifier":185238768}]},{"type":"touchmove","timeStamp":1289752196068,"bubbles":true,"cancelable":true,"detail":0,"screenX":0,"screenY":0,"pageX":0,"pageY":0,"clientX":0,"clientY":0,"ctrlKey":false,"altKey":false,"shiftKey":false,"metaKey":false,"scale":1,"rotation":0,"touches":[{"pageX":180,"pageY":159,"clientX":180,"clientY":159,"screenX":180,"screenY":159,"identifier":185238768}],"targetTouches":[{"pageX":180,"pageY":159,"clientX":180,"clientY":159,"screenX":180,"screenY":159,"identifier":185238768}],"changedTouches":[{"pageX":180,"pageY":159,"clientX":180,"clientY":159,"screenX":180,"screenY":159,"identifier":185238768}]},{"type":"touchmove","timeStamp":1289752196095,"bubbles":true,"cancelable":true,"detail":0,"screenX":0,"screenY":0,"pageX":0,"pageY":0,"clientX":0,"clientY":0,"ctrlKey":false,"altKey":false,"shiftKey":false,"metaKey":false,"scale":1,"rotation":0,"touches":[{"pageX":208,"pageY":159,"clientX":208,"clientY":159,"screenX":208,"screenY":159,"identifier":185238768}],"targetTouches":[{"pageX":208,"pageY":159,"clientX":208,"clientY":159,"screenX":208,"screenY":159,"identifier":185238768}],"changedTouches":[{"pageX":208,"pageY":159,"clientX":208,"clientY":159,"screenX":208,"screenY":159,"identifier":185238768}]},{"type":"touchend","timeStamp":1289752196105,"bubbles":true,"cancelable":true,"detail":0,"screenX":0,"screenY":0,"pageX":0,"pageY":0,"clientX":0,"clientY":0,"ctrlKey":false,"altKey":false,"shiftKey":false,"metaKey":false,"scale":1,"rotation":0,"touches":[],"targetTouches":[],"changedTouches":[{"pageX":208,"pageY":159,"clientX":208,"clientY":159,"screenX":208,"screenY":159,"identifier":185238768}]},{"type":"touchstart","timeStamp":1289752196714,"bubbles":true,"cancelable":true,"detail":0,"screenX":0,"screenY":0,"pageX":0,"pageY":0,"clientX":0,"clientY":0,"ctrlKey":false,"altKey":false,"shiftKey":false,"metaKey":false,"scale":1,"rotation":0,"touches":[{"pageX":158,"pageY":350,"clientX":158,"clientY":350,"screenX":158,"screenY":350,"identifier":185528976}],"targetTouches":[{"pageX":158,"pageY":350,"clientX":158,"clientY":350,"screenX":158,"screenY":350,"identifier":185528976}],"changedTouches":[{"pageX":158,"pageY":350,"clientX":158,"clientY":350,"screenX":158,"screenY":350,"identifier":185528976}]},{"type":"touchmove","timeStamp":1289752196757,"bubbles":true,"cancelable":true,"detail":0,"screenX":0,"screenY":0,"pageX":0,"pageY":0,"clientX":0,"clientY":0,"ctrlKey":false,"altKey":false,"shiftKey":false,"metaKey":false,"scale":1,"rotation":0,"touches":[{"pageX":161,"pageY":307,"clientX":161,"clientY":307,"screenX":161,"screenY":307,"identifier":185528976}],"targetTouches":[{"pageX":161,"pageY":307,"clientX":161,"clientY":307,"screenX":161,"screenY":307,"identifier":185528976}],"changedTouches":[{"pageX":161,"pageY":307,"clientX":161,"clientY":307,"screenX":161,"screenY":307,"identifier":185528976}]},{"type":"touchmove","timeStamp":1289752196771,"bubbles":true,"cancelable":true,"detail":0,"screenX":0,"screenY":0,"pageX":0,"pageY":0,"clientX":0,"clientY":0,"ctrlKey":false,"altKey":false,"shiftKey":false,"metaKey":false,"scale":1,"rotation":0,"touches":[{"pageX":163,"pageY":277,"clientX":163,"clientY":277,"screenX":163,"screenY":277,"identifier":185528976}],"targetTouches":[{"pageX":163,"pageY":277,"clientX":163,"clientY":277,"screenX":163,"screenY":277,"identifier":185528976}],"changedTouches":[{"pageX":163,"pageY":277,"clientX":163,"clientY":277,"screenX":163,"screenY":277,"identifier":185528976}]},{"type":"touchmove","timeStamp":1289752196787,"bubbles":true,"cancelable":true,"detail":0,"screenX":0,"screenY":0,"pageX":0,"pageY":0,"clientX":0,"clientY":0,"ctrlKey":false,"altKey":false,"shiftKey":false,"metaKey":false,"scale":1,"rotation":0,"touches":[{"pageX":168,"pageY":258,"clientX":168,"clientY":258,"screenX":168,"screenY":258,"identifier":185528976}],"targetTouches":[{"pageX":168,"pageY":258,"clientX":168,"clientY":258,"screenX":168,"screenY":258,"identifier":185528976}],"changedTouches":[{"pageX":168,"pageY":258,"clientX":168,"clientY":258,"screenX":168,"screenY":258,"identifier":185528976}]},{"type":"touchmove","timeStamp":1289752196803,"bubbles":true,"cancelable":true,"detail":0,"screenX":0,"screenY":0,"pageX":0,"pageY":0,"clientX":0,"clientY":0,"ctrlKey":false,"altKey":false,"shiftKey":false,"metaKey":false,"scale":1,"rotation":0,"touches":[{"pageX":175,"pageY":246,"clientX":175,"clientY":246,"screenX":175,"screenY":246,"identifier":185528976}],"targetTouches":[{"pageX":175,"pageY":246,"clientX":175,"clientY":246,"screenX":175,"screenY":246,"identifier":185528976}],"changedTouches":[{"pageX":175,"pageY":246,"clientX":175,"clientY":246,"screenX":175,"screenY":246,"identifier":185528976}]},{"type":"touchend","timeStamp":1289752196819,"bubbles":true,"cancelable":true,"detail":0,"screenX":0,"screenY":0,"pageX":0,"pageY":0,"clientX":0,"clientY":0,"ctrlKey":false,"altKey":false,"shiftKey":false,"metaKey":false,"scale":1,"rotation":0,"touches":[],"targetTouches":[],"changedTouches":[{"pageX":175,"pageY":246,"clientX":175,"clientY":246,"screenX":175,"screenY":246,"identifier":185528976}]},{"type":"touchstart","timeStamp":1289752197305,"bubbles":true,"cancelable":true,"detail":0,"screenX":0,"screenY":0,"pageX":0,"pageY":0,"clientX":0,"clientY":0,"ctrlKey":false,"altKey":false,"shiftKey":false,"metaKey":false,"scale":1,"rotation":0,"touches":[{"pageX":164,"pageY":356,"clientX":164,"clientY":356,"screenX":164,"screenY":356,"identifier":235953328}],"targetTouches":[{"pageX":164,"pageY":356,"clientX":164,"clientY":356,"screenX":164,"screenY":356,"identifier":235953328}],"changedTouches":[{"pageX":164,"pageY":356,"clientX":164,"clientY":356,"screenX":164,"screenY":356,"identifier":235953328}]},{"type":"touchmove","timeStamp":1289752197333,"bubbles":true,"cancelable":true,"detail":0,"screenX":0,"screenY":0,"pageX":0,"pageY":0,"clientX":0,"clientY":0,"ctrlKey":false,"altKey":false,"shiftKey":false,"metaKey":false,"scale":1,"rotation":0,"touches":[{"pageX":163,"pageY":338,"clientX":163,"clientY":338,"screenX":163,"screenY":338,"identifier":235953328}],"targetTouches":[{"pageX":163,"pageY":338,"clientX":163,"clientY":338,"screenX":163,"screenY":338,"identifier":235953328}],"changedTouches":[{"pageX":163,"pageY":338,"clientX":163,"clientY":338,"screenX":163,"screenY":338,"identifier":235953328}]},{"type":"touchmove","timeStamp":1289752197347,"bubbles":true,"cancelable":true,"detail":0,"screenX":0,"screenY":0,"pageX":0,"pageY":0,"clientX":0,"clientY":0,"ctrlKey":false,"altKey":false,"shiftKey":false,"metaKey":false,"scale":1,"rotation":0,"touches":[{"pageX":163,"pageY":322,"clientX":163,"clientY":322,"screenX":163,"screenY":322,"identifier":235953328}],"targetTouches":[{"pageX":163,"pageY":322,"clientX":163,"clientY":322,"screenX":163,"screenY":322,"identifier":235953328}],"changedTouches":[{"pageX":163,"pageY":322,"clientX":163,"clientY":322,"screenX":163,"screenY":322,"identifier":235953328}]},{"type":"touchmove","timeStamp":1289752197370,"bubbles":true,"cancelable":true,"detail":0,"screenX":0,"screenY":0,"pageX":0,"pageY":0,"clientX":0,"clientY":0,"ctrlKey":false,"altKey":false,"shiftKey":false,"metaKey":false,"scale":1,"rotation":0,"touches":[{"pageX":165,"pageY":296,"clientX":165,"clientY":296,"screenX":165,"screenY":296,"identifier":235953328}],"targetTouches":[{"pageX":165,"pageY":296,"clientX":165,"clientY":296,"screenX":165,"screenY":296,"identifier":235953328}],"changedTouches":[{"pageX":165,"pageY":296,"clientX":165,"clientY":296,"screenX":165,"screenY":296,"identifier":235953328}]},{"type":"touchmove","timeStamp":1289752197379,"bubbles":true,"cancelable":true,"detail":0,"screenX":0,"screenY":0,"pageX":0,"pageY":0,"clientX":0,"clientY":0,"ctrlKey":false,"altKey":false,"shiftKey":false,"metaKey":false,"scale":1,"rotation":0,"touches":[{"pageX":170,"pageY":271,"clientX":170,"clientY":271,"screenX":170,"screenY":271,"identifier":235953328}],"targetTouches":[{"pageX":170,"pageY":271,"clientX":170,"clientY":271,"screenX":170,"screenY":271,"identifier":235953328}],"changedTouches":[{"pageX":170,"pageY":271,"clientX":170,"clientY":271,"screenX":170,"screenY":271,"identifier":235953328}]},{"type":"touchmove","timeStamp":1289752197395,"bubbles":true,"cancelable":true,"detail":0,"screenX":0,"screenY":0,"pageX":0,"pageY":0,"clientX":0,"clientY":0,"ctrlKey":false,"altKey":false,"shiftKey":false,"metaKey":false,"scale":1,"rotation":0,"touches":[{"pageX":173,"pageY":252,"clientX":173,"clientY":252,"screenX":173,"screenY":252,"identifier":235953328}],"targetTouches":[{"pageX":173,"pageY":252,"clientX":173,"clientY":252,"screenX":173,"screenY":252,"identifier":235953328}],"changedTouches":[{"pageX":173,"pageY":252,"clientX":173,"clientY":252,"screenX":173,"screenY":252,"identifier":235953328}]},{"type":"touchend","timeStamp":1289752197412,"bubbles":true,"cancelable":true,"detail":0,"screenX":0,"screenY":0,"pageX":0,"pageY":0,"clientX":0,"clientY":0,"ctrlKey":false,"altKey":false,"shiftKey":false,"metaKey":false,"scale":1,"rotation":0,"touches":[],"targetTouches":[],"changedTouches":[{"pageX":173,"pageY":252,"clientX":173,"clientY":252,"screenX":173,"screenY":252,"identifier":235953328}]},{"type":"touchstart","timeStamp":1289752197753,"bubbles":true,"cancelable":true,"detail":0,"screenX":0,"screenY":0,"pageX":0,"pageY":0,"clientX":0,"clientY":0,"ctrlKey":false,"altKey":false,"shiftKey":false,"metaKey":false,"scale":1,"rotation":0,"touches":[{"pageX":176,"pageY":294,"clientX":176,"clientY":294,"screenX":176,"screenY":294,"identifier":185528976}],"targetTouches":[{"pageX":176,"pageY":294,"clientX":176,"clientY":294,"screenX":176,"screenY":294,"identifier":185528976}],"changedTouches":[{"pageX":176,"pageY":294,"clientX":176,"clientY":294,"screenX":176,"screenY":294,"identifier":185528976}]},{"type":"touchmove","timeStamp":1289752197797,"bubbles":true,"cancelable":true,"detail":0,"screenX":0,"screenY":0,"pageX":0,"pageY":0,"clientX":0,"clientY":0,"ctrlKey":false,"altKey":false,"shiftKey":false,"metaKey":false,"scale":1,"rotation":0,"touches":[{"pageX":173,"pageY":310,"clientX":173,"clientY":310,"screenX":173,"screenY":310,"identifier":185528976}],"targetTouches":[{"pageX":173,"pageY":310,"clientX":173,"clientY":310,"screenX":173,"screenY":310,"identifier":185528976}],"changedTouches":[{"pageX":173,"pageY":310,"clientX":173,"clientY":310,"screenX":173,"screenY":310,"identifier":185528976}]},{"type":"touchmove","timeStamp":1289752197812,"bubbles":true,"cancelable":true,"detail":0,"screenX":0,"screenY":0,"pageX":0,"pageY":0,"clientX":0,"clientY":0,"ctrlKey":false,"altKey":false,"shiftKey":false,"metaKey":false,"scale":1,"rotation":0,"touches":[{"pageX":173,"pageY":332,"clientX":173,"clientY":332,"screenX":173,"screenY":332,"identifier":185528976}],"targetTouches":[{"pageX":173,"pageY":332,"clientX":173,"clientY":332,"screenX":173,"screenY":332,"identifier":185528976}],"changedTouches":[{"pageX":173,"pageY":332,"clientX":173,"clientY":332,"screenX":173,"screenY":332,"identifier":185528976}]},{"type":"touchmove","timeStamp":1289752197828,"bubbles":true,"cancelable":true,"detail":0,"screenX":0,"screenY":0,"pageX":0,"pageY":0,"clientX":0,"clientY":0,"ctrlKey":false,"altKey":false,"shiftKey":false,"metaKey":false,"scale":1,"rotation":0,"touches":[{"pageX":170,"pageY":356,"clientX":170,"clientY":356,"screenX":170,"screenY":356,"identifier":185528976}],"targetTouches":[{"pageX":170,"pageY":356,"clientX":170,"clientY":356,"screenX":170,"screenY":356,"identifier":185528976}],"changedTouches":[{"pageX":170,"pageY":356,"clientX":170,"clientY":356,"screenX":170,"screenY":356,"identifier":185528976}]},{"type":"touchmove","timeStamp":1289752197844,"bubbles":true,"cancelable":true,"detail":0,"screenX":0,"screenY":0,"pageX":0,"pageY":0,"clientX":0,"clientY":0,"ctrlKey":false,"altKey":false,"shiftKey":false,"metaKey":false,"scale":1,"rotation":0,"touches":[{"pageX":168,"pageY":383,"clientX":168,"clientY":383,"screenX":168,"screenY":383,"identifier":185528976}],"targetTouches":[{"pageX":168,"pageY":383,"clientX":168,"clientY":383,"screenX":168,"screenY":383,"identifier":185528976}],"changedTouches":[{"pageX":168,"pageY":383,"clientX":168,"clientY":383,"screenX":168,"screenY":383,"identifier":185528976}]},{"type":"touchmove","timeStamp":1289752197860,"bubbles":true,"cancelable":true,"detail":0,"screenX":0,"screenY":0,"pageX":0,"pageY":0,"clientX":0,"clientY":0,"ctrlKey":false,"altKey":false,"shiftKey":false,"metaKey":false,"scale":1,"rotation":0,"touches":[{"pageX":168,"pageY":406,"clientX":168,"clientY":406,"screenX":168,"screenY":406,"identifier":185528976}],"targetTouches":[{"pageX":168,"pageY":406,"clientX":168,"clientY":406,"screenX":168,"screenY":406,"identifier":185528976}],"changedTouches":[{"pageX":168,"pageY":406,"clientX":168,"clientY":406,"screenX":168,"screenY":406,"identifier":185528976}]},{"type":"touchend","timeStamp":1289752197876,"bubbles":true,"cancelable":true,"detail":0,"screenX":0,"screenY":0,"pageX":0,"pageY":0,"clientX":0,"clientY":0,"ctrlKey":false,"altKey":false,"shiftKey":false,"metaKey":false,"scale":1,"rotation":0,"touches":[],"targetTouches":[],"changedTouches":[{"pageX":168,"pageY":406,"clientX":168,"clientY":406,"screenX":168,"screenY":406,"identifier":185528976}]},{"type":"touchstart","timeStamp":1289752198170,"bubbles":true,"cancelable":true,"detail":0,"screenX":0,"screenY":0,"pageX":0,"pageY":0,"clientX":0,"clientY":0,"ctrlKey":false,"altKey":false,"shiftKey":false,"metaKey":false,"scale":1,"rotation":0,"touches":[{"pageX":188,"pageY":290,"clientX":188,"clientY":290,"screenX":188,"screenY":290,"identifier":235953328}],"targetTouches":[{"pageX":188,"pageY":290,"clientX":188,"clientY":290,"screenX":188,"screenY":290,"identifier":235953328}],"changedTouches":[{"pageX":188,"pageY":290,"clientX":188,"clientY":290,"screenX":188,"screenY":290,"identifier":235953328}]},{"type":"touchmove","timeStamp":1289752198199,"bubbles":true,"cancelable":true,"detail":0,"screenX":0,"screenY":0,"pageX":0,"pageY":0,"clientX":0,"clientY":0,"ctrlKey":false,"altKey":false,"shiftKey":false,"metaKey":false,"scale":1,"rotation":0,"touches":[{"pageX":180,"pageY":305,"clientX":180,"clientY":305,"screenX":180,"screenY":305,"identifier":235953328}],"targetTouches":[{"pageX":180,"pageY":305,"clientX":180,"clientY":305,"screenX":180,"screenY":305,"identifier":235953328}],"changedTouches":[{"pageX":180,"pageY":305,"clientX":180,"clientY":305,"screenX":180,"screenY":305,"identifier":235953328}]},{"type":"touchmove","timeStamp":1289752198219,"bubbles":true,"cancelable":true,"detail":0,"screenX":0,"screenY":0,"pageX":0,"pageY":0,"clientX":0,"clientY":0,"ctrlKey":false,"altKey":false,"shiftKey":false,"metaKey":false,"scale":1,"rotation":0,"touches":[{"pageX":172,"pageY":326,"clientX":172,"clientY":326,"screenX":172,"screenY":326,"identifier":235953328}],"targetTouches":[{"pageX":172,"pageY":326,"clientX":172,"clientY":326,"screenX":172,"screenY":326,"identifier":235953328}],"changedTouches":[{"pageX":172,"pageY":326,"clientX":172,"clientY":326,"screenX":172,"screenY":326,"identifier":235953328}]},{"type":"touchmove","timeStamp":1289752198228,"bubbles":true,"cancelable":true,"detail":0,"screenX":0,"screenY":0,"pageX":0,"pageY":0,"clientX":0,"clientY":0,"ctrlKey":false,"altKey":false,"shiftKey":false,"metaKey":false,"scale":1,"rotation":0,"touches":[{"pageX":166,"pageY":352,"clientX":166,"clientY":352,"screenX":166,"screenY":352,"identifier":235953328}],"targetTouches":[{"pageX":166,"pageY":352,"clientX":166,"clientY":352,"screenX":166,"screenY":352,"identifier":235953328}],"changedTouches":[{"pageX":166,"pageY":352,"clientX":166,"clientY":352,"screenX":166,"screenY":352,"identifier":235953328}]},{"type":"touchmove","timeStamp":1289752198244,"bubbles":true,"cancelable":true,"detail":0,"screenX":0,"screenY":0,"pageX":0,"pageY":0,"clientX":0,"clientY":0,"ctrlKey":false,"altKey":false,"shiftKey":false,"metaKey":false,"scale":1,"rotation":0,"touches":[{"pageX":160,"pageY":384,"clientX":160,"clientY":384,"screenX":160,"screenY":384,"identifier":235953328}],"targetTouches":[{"pageX":160,"pageY":384,"clientX":160,"clientY":384,"screenX":160,"screenY":384,"identifier":235953328}],"changedTouches":[{"pageX":160,"pageY":384,"clientX":160,"clientY":384,"screenX":160,"screenY":384,"identifier":235953328}]},{"type":"touchmove","timeStamp":1289752198260,"bubbles":true,"cancelable":true,"detail":0,"screenX":0,"screenY":0,"pageX":0,"pageY":0,"clientX":0,"clientY":0,"ctrlKey":false,"altKey":false,"shiftKey":false,"metaKey":false,"scale":1,"rotation":0,"touches":[{"pageX":155,"pageY":409,"clientX":155,"clientY":409,"screenX":155,"screenY":409,"identifier":235953328}],"targetTouches":[{"pageX":155,"pageY":409,"clientX":155,"clientY":409,"screenX":155,"screenY":409,"identifier":235953328}],"changedTouches":[{"pageX":155,"pageY":409,"clientX":155,"clientY":409,"screenX":155,"screenY":409,"identifier":235953328}]},{"type":"touchend","timeStamp":1289752198277,"bubbles":true,"cancelable":true,"detail":0,"screenX":0,"screenY":0,"pageX":0,"pageY":0,"clientX":0,"clientY":0,"ctrlKey":false,"altKey":false,"shiftKey":false,"metaKey":false,"scale":1,"rotation":0,"touches":[],"targetTouches":[],"changedTouches":[{"pageX":155,"pageY":409,"clientX":155,"clientY":409,"screenX":155,"screenY":409,"identifier":235953328}]},{"type":"touchstart","timeStamp":1289752199033,"bubbles":true,"cancelable":true,"detail":0,"screenX":0,"screenY":0,"pageX":0,"pageY":0,"clientX":0,"clientY":0,"ctrlKey":false,"altKey":false,"shiftKey":false,"metaKey":false,"scale":1,"rotation":0,"touches":[{"pageX":42,"pageY":7,"clientX":42,"clientY":7,"screenX":42,"screenY":7,"identifier":185256864}],"targetTouches":[{"pageX":42,"pageY":7,"clientX":42,"clientY":7,"screenX":42,"screenY":7,"identifier":185256864}],"changedTouches":[{"pageX":42,"pageY":7,"clientX":42,"clientY":7,"screenX":42,"screenY":7,"identifier":185256864}]},{"type":"touchend","timeStamp":1289752199112,"bubbles":true,"cancelable":true,"detail":0,"screenX":0,"screenY":0,"pageX":0,"pageY":0,"clientX":0,"clientY":0,"ctrlKey":false,"altKey":false,"shiftKey":false,"metaKey":false,"scale":1,"rotation":0,"touches":[],"targetTouches":[],"changedTouches":[{"pageX":42,"pageY":7,"clientX":42,"clientY":7,"screenX":42,"screenY":7,"identifier":185256864}]},{"type":"mouseup","timeStamp":1289752199467,"bubbles":true,"cancelable":true,"detail":0,"screenX":34,"screenY":-1,"clientX":34,"clientY":-1,"pageX":34,"pageY":-1,"ctrlKey":false,"altKey":false,"shiftKey":false,"metaKey":false,"button":0,"relatedTarget":null},{"type":"touchstart","timeStamp":1289752200010,"bubbles":true,"cancelable":true,"detail":0,"screenX":0,"screenY":0,"pageX":0,"pageY":0,"clientX":0,"clientY":0,"ctrlKey":false,"altKey":false,"shiftKey":false,"metaKey":false,"scale":1,"rotation":0,"touches":[{"pageX":45,"pageY":18,"clientX":45,"clientY":18,"screenX":45,"screenY":18,"identifier":235997696}],"targetTouches":[{"pageX":45,"pageY":18,"clientX":45,"clientY":18,"screenX":45,"screenY":18,"identifier":235997696}],"changedTouches":[{"pageX":45,"pageY":18,"clientX":45,"clientY":18,"screenX":45,"screenY":18,"identifier":235997696}]},{"type":"touchend","timeStamp":1289752200103,"bubbles":true,"cancelable":true,"detail":0,"screenX":0,"screenY":0,"pageX":0,"pageY":0,"clientX":0,"clientY":0,"ctrlKey":false,"altKey":false,"shiftKey":false,"metaKey":false,"scale":1,"rotation":0,"touches":[],"targetTouches":[],"changedTouches":[{"pageX":45,"pageY":18,"clientX":45,"clientY":18,"screenX":45,"screenY":18,"identifier":235997696}]},{"type":"touchstart","timeStamp":1289752200866,"bubbles":true,"cancelable":true,"detail":0,"screenX":0,"screenY":0,"pageX":0,"pageY":0,"clientX":0,"clientY":0,"ctrlKey":false,"altKey":false,"shiftKey":false,"metaKey":false,"scale":1,"rotation":0,"touches":[{"pageX":142,"pageY":353,"clientX":142,"clientY":353,"screenX":142,"screenY":353,"identifier":185528976}],"targetTouches":[{"pageX":142,"pageY":353,"clientX":142,"clientY":353,"screenX":142,"screenY":353,"identifier":185528976}],"changedTouches":[{"pageX":142,"pageY":353,"clientX":142,"clientY":353,"screenX":142,"screenY":353,"identifier":185528976}]},{"type":"touchend","timeStamp":1289752200970,"bubbles":true,"cancelable":true,"detail":0,"screenX":0,"screenY":0,"pageX":0,"pageY":0,"clientX":0,"clientY":0,"ctrlKey":false,"altKey":false,"shiftKey":false,"metaKey":false,"scale":1,"rotation":0,"touches":[],"targetTouches":[],"changedTouches":[{"pageX":142,"pageY":353,"clientX":142,"clientY":353,"screenX":142,"screenY":353,"identifier":185528976}]},{"type":"touchstart","timeStamp":1289752201962,"bubbles":true,"cancelable":true,"detail":0,"screenX":0,"screenY":0,"pageX":0,"pageY":0,"clientX":0,"clientY":0,"ctrlKey":false,"altKey":false,"shiftKey":false,"metaKey":false,"scale":1,"rotation":0,"touches":[{"pageX":102,"pageY":57,"clientX":102,"clientY":57,"screenX":102,"screenY":57,"identifier":185403008}],"targetTouches":[{"pageX":102,"pageY":57,"clientX":102,"clientY":57,"screenX":102,"screenY":57,"identifier":185403008}],"changedTouches":[{"pageX":102,"pageY":57,"clientX":102,"clientY":57,"screenX":102,"screenY":57,"identifier":185403008}]},{"type":"touchend","timeStamp":1289752202758,"bubbles":true,"cancelable":true,"detail":0,"screenX":0,"screenY":0,"pageX":0,"pageY":0,"clientX":0,"clientY":0,"ctrlKey":false,"altKey":false,"shiftKey":false,"metaKey":false,"scale":1,"rotation":0,"touches":[],"targetTouches":[],"changedTouches":[{"pageX":102,"pageY":57,"clientX":102,"clientY":57,"screenX":102,"screenY":57,"identifier":185403008}]}]